mot_cle,interet_moyen_3mois,interet_recent,croissance_pct
veste femme tendance,4.9,59.5,70.0
maillot bain femme,35.8,12.0,0.0
kimono femme,20.1,44.0,-1.1
body femme,60.0,62.0,-11.4
jupe longue femme,35.0,32.5,-17.7
pantalon large femme,44.3,56.5,-18.7
manteau long femme,13.8,41.5,-24.5
combinaison femme,59.9,51.0,-26.1
veste jean femme,33.0,44.0,-32.8
robe fluide femme,10.1,4.5,-50.0
robe d'hiver femme,1.4,3.0,-50.0
sac femme tendance,11.5,19.5,-53.6
jean stretch femme,3.7,27.5,-63.1
trench coat femme,7.1,9.5,-64.8
pull femme col v,10.7,29.5,-64.9
pull oversize femme,5.9,11.5,-67.6
robe pull femme,6.8,13.5,-71.6
salopette femme,26.0,15.0,-75.0
robe longue fleurie,5.2,0.0,-100.0
cardigan femme oversize,2.0,0.0,-100.0
